"anonyme_id","response","swahili","english","notes"
"112713","b","popo_mayai","bat_reproduction",NA
"112713","b","pelele_panda","hyraxes_climb_trees","MIK. B"
"112713","b","kambare","catfishes",NA
"112713","a","koho","vultures","KUTAMBAA B"
"112713","b","kijimbi","kingfishers","NGISI A"
"112713",NA,"papa","sharks_offspring","MOJATU"
"112713","a","ukukwi","green_spotted_snake",NA
"112713","a","mwani","seaweed",NA
"112713","b","kasa_kutaga","turtles_return",NA
"112713",NA,"koa","snails","NONE"
"112713","a","ngawa","civets",NA
"112713","a","komba_lala","bushbabies_sleep",NA
"112713","b","mkuu","mkuu_wa_usiku_tree",NA
"112713","nk","koogwe","vervet_monkey","VIJINU B"
"112713","b","komba_ndizi","bushbabies_bananas",NA
"112713",NA,"popo_masikio","bats_ears","NONE"
"112713","nk","popo_uchafu","bats_excrements",NA
"112713","nk","chewa","groupers",NA
"112713",NA,"ndizi","banana_cooking","BOTH"
"112713","b","taa","rays",NA
"112713","nk","nyangumi","whales",NA
"112713",NA,"mgulele","mgulele_tree","Doesnt give fruit"
"112713","b","kubanja","crack_open",NA
"112713","b","pelele_vidole","hyraxes_fingers",NA
"112713","b","ulaya","ulaya_tree",NA
"112713","nk","chepu","fly_larvae","JITI TU"
"112713","nk","dau","boat_building_wood","KAMBA (A)"
"112713","nk","mjusi","geckos",NA
"112713","a","nduaro","tunas",NA
"112713",NA,"viazi","sweet_potatoes","MAYBE 3 Mo after they're big"
"112713",NA,"pweza","octopus","NJORO"
"112713","nk","kichachuli","young_monkey",NA
"112713","nk","kasa","turtles_travel",NA
"112713","nk","papa","sharks_dangerous","UFUKWENI Dont know"
"112713","nk","mbiliwili","swifts",NA
"112713","nk","salile","ducks",NA
"112713",NA,"matunda","fruit","MBIRMBI TU"
"112713","a","pomboo","dolphins",NA
"112713","nk","minazi","coconut","D"
"112713","b","chamvi","caterpillar",NA
"112713","a","chale","lionfishes",NA
"112713","b","bocho","frogfishes",NA
"112713","nk","mjafari","mjafari_plant",NA
"112713","nk","panga","pin_shells",NA
"11879","b","popo_mayai","bat_reproduction",NA
"11879","b","pelele_panda","hyraxes_climb_trees",NA
"11879","b","kambare","catfishes","MIKANDAA B"
"11879","a","koho","vultures","KUTAMBAA B"
"11879","a","kijimbi","kingfishers","NGISI A"
"11879","a","papa","sharks_offspring",NA
"11879","a","ukukwi","green_spotted_snake",NA
"11879","a","mwani","seaweed",NA
"11879","nk","kasa_kutaga","turtles_return",NA
"11879","b","koa","snails",NA
"11879","b","ngawa","civets",NA
"11879","b","komba_lala","bushbabies_sleep",NA
"11879","b","mkuu","mkuu_wa_usiku_tree",NA
"11879","nk","koogwe","vervet_monkey","VIJINU A"
"11879","b","komba_ndizi","bushbabies_bananas",NA
"11879","a","popo_masikio","bats_ears",NA
"11879","a","popo_uchafu","bats_excrements",NA
"11879","nk","chewa","groupers",NA
"11879","a","ndizi","banana_cooking",NA
"11879","b","taa","rays",NA
"11879","a","nyangumi","whales",NA
"11879","a","mgulele","mgulele_tree",NA
"11879","a","kubanja","crack_open",NA
"11879","nk","pelele_vidole","hyraxes_fingers",NA
"11879","b","ulaya","ulaya_tree",NA
"11879","a","chepu","fly_larvae","KAMBA A"
"11879","b","dau","boat_building_wood",NA
"11879",NA,"mjusi","geckos","NONE"
"11879","b","nduaro","tunas",NA
"11879","b","viazi","sweet_potatoes",NA
"11879",NA,"pweza","octopus","GONGO"
"11879","b","kichachuli","young_monkey",NA
"11879","a","kasa","turtles_travel",NA
"11879","b","papa","sharks_dangerous","UFUKWENI B"
"11879","a","mbiliwili","swifts",NA
"11879","nk","salile","ducks",NA
"11879","b","matunda","fruit",NA
"11879","a","pomboo","dolphins",NA
"11879","b","minazi","coconut",NA
"11879","b","chamvi","caterpillar",NA
"11879","a","chale","lionfishes",NA
"11879","b","bocho","frogfishes",NA
"11879","a","mjafari","mjafari_plant",NA
"11879","a","panga","pin_shells",NA
"12168","b","popo_mayai","bat_reproduction",NA
"12168","b","pelele_panda","hyraxes_climb_trees","MIKANDAA B"
"12168",NA,"kambare","catfishes","BOTH"
"12168","nk","koho","vultures","KUTAMBAA NONE"
"12168",NA,"kijimbi","kingfishers","PEOPLE"
"12168","nk","papa","sharks_offspring","NGISI A"
"12168","a","ukukwi","green_spotted_snake",NA
"12168","b","mwani","seaweed",NA
"12168","nk","kasa_kutaga","turtles_return",NA
"12168","b","koa","snails",NA
"12168","nk","ngawa","civets",NA
"12168","b","komba_lala","bushbabies_sleep",NA
"12168","nk","mkuu","mkuu_wa_usiku_tree",NA
"12168","a","koogwe","vervet_monkey","VIJINV DONTKWN"
"12168","b","komba_ndizi","bushbabies_bananas",NA
"12168","b","popo_masikio","bats_ears",NA
"12168","a","popo_uchafu","bats_excrements",NA
"12168","b","chewa","groupers",NA
"12168","b","ndizi","banana_cooking",NA
"12168","b","taa","rays",NA
"12168","a","nyangumi","whales",NA
"12168","nk","mgulele","mgulele_tree",NA
"12168","a","kubanja","crack_open",NA
"12168","nk","pelele_vidole","hyraxes_fingers",NA
"12168","a","ulaya","ulaya_tree",NA
"12168","b","chepu","fly_larvae","KAMSA A"
"12168","a","dau","boat_building_wood",NA
"12168","b","mjusi","geckos",NA
"12168","b","nduaro","tunas",NA
"12168","b","viazi","sweet_potatoes",NA
"12168","a","pweza","octopus",NA
"12168","b","kichachuli","young_monkey",NA
"12168","b","kasa","turtles_travel",NA
"12168","b","papa","sharks_dangerous","UFUKWENI B"
"12168","a","mbiliwili","swifts",NA
"12168","a","salile","ducks",NA
"12168","a","matunda","fruit",NA
"12168","a","pomboo","dolphins",NA
"12168","nk","minazi","coconut",NA
"12168","b","chamvi","caterpillar",NA
"12168","a","chale","lionfishes",NA
"12168","b","bocho","frogfishes",NA
"12168","b","mjafari","mjafari_plant",NA
"12168","b","panga","pin_shells",NA
"132689","a","popo_mayai","bat_reproduction",NA
"132689","b","pelele_panda","hyraxes_climb_trees","MIKANDAA A"
"132689","b","kambare","catfishes",NA
"132689","b","koho","vultures","KUTAMBAA BOTH"
"132689","b","kijimbi","kingfishers","NGISI A"
"132689","b","papa","sharks_offspring",NA
"132689","a","ukukwi","green_spotted_snake",NA
"132689","a","mwani","seaweed",NA
"132689","b","kasa_kutaga","turtles_return",NA
"132689","a","koa","snails",NA
"132689","a","ngawa","civets",NA
"132689","b","komba_lala","bushbabies_sleep",NA
"132689","b","mkuu","mkuu_wa_usiku_tree",NA
"132689","a","koogwe","vervet_monkey","VIJINU A"
"132689","b","komba_ndizi","bushbabies_bananas",NA
"132689",NA,"popo_masikio","bats_ears","BOTH"
"132689","a","popo_uchafu","bats_excrements",NA
"132689","a","chewa","groupers",NA
"132689",NA,"ndizi","banana_cooking","BOTH"
"132689","b","taa","rays",NA
"132689","b","nyangumi","whales",NA
"132689",NA,"mgulele","mgulele_tree","NONE"
"132689","b","kubanja","crack_open",NA
"132689","b","pelele_vidole","hyraxes_fingers",NA
"132689","a","ulaya","ulaya_tree",NA
"132689","nk","chepu","fly_larvae","KAMBA B"
"132689","a","dau","boat_building_wood",NA
"132689",NA,"mjusi","geckos","NONE"
"132689","a","nduaro","tunas",NA
"132689","a","viazi","sweet_potatoes",NA
"132689",NA,"pweza","octopus","NJORO"
"132689","a","kichachuli","young_monkey",NA
"132689","b","kasa","turtles_travel","VFUKWENI B"
"132689",NA,"papa","sharks_dangerous","BOTH"
"132689","a","mbiliwili","swifts",NA
"132689","b","salile","ducks",NA
"132689","nk","matunda","fruit",NA
"132689","a","pomboo","dolphins",NA
"132689","a","minazi","coconut",NA
"132689","b","chamvi","caterpillar",NA
"132689","nk","chale","lionfishes",NA
"132689","b","bocho","frogfishes",NA
"132689","nk","mjafari","mjafari_plant",NA
"132689","nk","panga","pin_shells",NA
"135723","a","popo_mayai","bat_reproduction",NA
"135723","b","pelele_panda","hyraxes_climb_trees","MIKANDAA NONE"
"135723","b","kambare","catfishes",NA
"135723","a","koho","vultures","KUTAMBAA B"
"135723","b","kijimbi","kingfishers","NGISI A"
"135723","b","papa","sharks_offspring",NA
"135723","a","ukukwi","green_spotted_snake",NA
"135723","b","mwani","seaweed",NA
"135723","b","kasa_kutaga","turtles_return",NA
"135723","b","koa","snails",NA
"135723","b","ngawa","civets",NA
"135723","a","komba_lala","bushbabies_sleep",NA
"135723","b","mkuu","mkuu_wa_usiku_tree",NA
"135723","b","koogwe","vervet_monkey",NA
"135723","a","komba_ndizi","bushbabies_bananas",NA
"135723","b","popo_masikio","bats_ears",NA
"135723","a","popo_uchafu","bats_excrements",NA
"135723","b","chewa","groupers",NA
"135723",NA,"ndizi","banana_cooking","BOTH"
"135723","nk","taa","rays",NA
"135723","a","nyangumi","whales",NA
"135723","b","mgulele","mgulele_tree",NA
"135723",NA,"kubanja","crack_open","BOTH"
"135723","b","pelele_vidole","hyraxes_fingers","5 friperf"
"135723","a","ulaya","ulaya_tree",NA
"135723","b","chepu","fly_larvae","KAMBA A"
"135723","b","dau","boat_building_wood",NA
"135723","b","mjusi","geckos",NA
"135723","b","nduaro","tunas",NA
"135723","b","viazi","sweet_potatoes",NA
"135723","a","pweza","octopus",NA
"135723","b","kichachuli","young_monkey",NA
"135723","b","kasa","turtles_travel",NA
"135723",NA,"papa","sharks_dangerous","BOTH"
"135723","a","mbiliwili","swifts","UFUKWENI B"
"135723","b","salile","ducks",NA
"135723","b","matunda","fruit",NA
"135723","a","pomboo","dolphins",NA
"135723","b","minazi","coconut",NA
"135723","a","chamvi","caterpillar",NA
"135723","b","chale","lionfishes",NA
"135723","a","bocho","frogfishes",NA
"135723","b","mjafari","mjafari_plant",NA
"135723","b","panga","pin_shells",NA
"136745","b","popo_mayai","bat_reproduction",NA
"136745","b","pelele_panda","hyraxes_climb_trees","MIKANDAA B"
"136745","b","kambare","catfishes",NA
"136745","a","koho","vultures","KUTAMBAA B"
"136745","a","kijimbi","kingfishers","NGISI A"
"136745","b","papa","sharks_offspring",NA
"136745","b","ukukwi","green_spotted_snake",NA
"136745","b","mwani","seaweed",NA
"136745","b","kasa_kutaga","turtles_return",NA
"136745","b","koa","snails",NA
"136745","b","ngawa","civets",NA
"136745","b","komba_lala","bushbabies_sleep",NA
"136745","b","mkuu","mkuu_wa_usiku_tree",NA
"136745","a","koogwe","vervet_monkey","VIJINU B"
"136745","a","komba_ndizi","bushbabies_bananas",NA
"136745","b","popo_masikio","bats_ears",NA
"136745","a","popo_uchafu","bats_excrements",NA
"136745","a","chewa","groupers",NA
"136745","a","ndizi","banana_cooking",NA
"136745","b","taa","rays",NA
"136745","a","nyangumi","whales",NA
"136745",NA,"mgulele","mgulele_tree","NONE"
"136745","b","kubanja","crack_open",NA
"136745","b","pelele_vidole","hyraxes_fingers",NA
"136745","a","ulaya","ulaya_tree",NA
"136745","b","chepu","fly_larvae","KAMBA A"
"136745","b","dau","boat_building_wood",NA
"136745",NA,"mjusi","geckos","BOTH"
"136745","a","nduaro","tunas",NA
"136745","b","viazi","sweet_potatoes",NA
"136745","a","pweza","octopus",NA
"136745","a","kichachuli","young_monkey",NA
"136745","a","kasa","turtles_travel",NA
"136745","a","papa","sharks_dangerous","UFUKWENI B"
"136745","a","mbiliwili","swifts",NA
"136745","a","salile","ducks",NA
"136745","b","matunda","fruit",NA
"136745","a","pomboo","dolphins",NA
"136745","b","minazi","coconut",NA
"136745","b","chamvi","caterpillar",NA
"136745","a","chale","lionfishes",NA
"136745",NA,"bocho","frogfishes","BOTH"
"136745","a","mjafari","mjafari_plant",NA
"136745","b","panga","pin_shells",NA
"138251","nk","popo_mayai","bat_reproduction",NA
"138251","b","pelele_panda","hyraxes_climb_trees","MIKANDAA B"
"138251","b","kambare","catfishes",NA
"138251","nk","koho","vultures","KUTAMBAA B"
"138251","nk","kijimbi","kingfishers","NGISI B"
"138251",NA,"papa","sharks_offspring","NONE"
"138251","a","ukukwi","green_spotted_snake",NA
"138251","nk","mwani","seaweed",NA
"138251","nk","kasa_kutaga","turtles_return",NA
"138251",NA,"koa","snails","NONE"
"138251","nk","ngawa","civets",NA
"138251","a","komba_lala","bushbabies_sleep",NA
"138251","nk","mkuu","mkuu_wa_usiku_tree",NA
"138251","nk","koogwe","vervet_monkey","UIJINU A"
"138251","b","komba_ndizi","bushbabies_bananas",NA
"138251","nk","popo_masikio","bats_ears",NA
"138251","a","popo_uchafu","bats_excrements",NA
"138251","nk","chewa","groupers",NA
"138251","a","ndizi","banana_cooking",NA
"138251","nk","taa","rays",NA
"138251","b","nyangumi","whales",NA
"138251",NA,"mgulele","mgulele_tree","NONE"
"138251",NA,"kubanja","crack_open","NONE"
"138251","b","pelele_vidole","hyraxes_fingers","5 FINGE"
"138251","nk","ulaya","ulaya_tree",NA
"138251","nk","chepu","fly_larvae","KAMBA A"
"138251",NA,"dau","boat_building_wood","NONE"
"138251","nk","mjusi","geckos",NA
"138251","b","nduaro","tunas",NA
"138251","nk","viazi","sweet_potatoes",NA
"138251",NA,"pweza","octopus","NJORO"
"138251","a","kichachuli","young_monkey",NA
"138251","nk","kasa","turtles_travel",NA
"138251","nk","papa","sharks_dangerous","UFUKWENI NOT KNOW"
"138251","b","mbiliwili","swifts",NA
"138251","nk","salile","ducks",NA
"138251","b","matunda","fruit",NA
"138251","b","pomboo","dolphins",NA
"138251","nk","minazi","coconut",NA
"138251","nk","chamvi","caterpillar",NA
"138251","nk","chale","lionfishes",NA
"138251","nk","bocho","frogfishes",NA
"138251","nk","mjafari","mjafari_plant",NA
"138251","a","panga","pin_shells",NA
"138451","b","popo_mayai","bat_reproduction",NA
"138451","b","pelele_panda","hyraxes_climb_trees","MIKANDAA B"
"138451","b","kambare","catfishes",NA
"138451","b","koho","vultures","KUTAMBAA B"
"138451",NA,"kijimbi","kingfishers","NONE"
"138451","b","papa","sharks_offspring","NGISI A"
"138451","b","ukukwi","green_spotted_snake",NA
"138451","a","mwani","seaweed",NA
"138451","b","kasa_kutaga","turtles_return",NA
"138451","b","koa","snails",NA
"138451","b","ngawa","civets",NA
"138451","b","komba_lala","bushbabies_sleep",NA
"138451","b","mkuu","mkuu_wa_usiku_tree",NA
"138451","b","koogwe","vervet_monkey","VIJINU"
"138451","b","komba_ndizi","bushbabies_bananas",NA
"138451","b","popo_masikio","bats_ears",NA
"138451","a","popo_uchafu","bats_excrements",NA
"138451","a","chewa","groupers",NA
"138451","a","ndizi","banana_cooking",NA
"138451","a","taa","rays",NA
"138451","a","nyangumi","whales",NA
"138451",NA,"mgulele","mgulele_tree","NONE"
"138451","b","kubanja","crack_open",NA
"138451","b","pelele_vidole","hyraxes_fingers",NA
"138451","a","ulaya","ulaya_tree",NA
"138451","b","chepu","fly_larvae","KAMBAA"
"138451","b","dau","boat_building_wood",NA
"138451","b","mjusi","geckos",NA
"138451","a","nduaro","tunas",NA
"138451","b","viazi","sweet_potatoes",NA
"138451","b","pweza","octopus",NA
"138451","a","kichachuli","young_monkey",NA
"138451","b","kasa","turtles_travel",NA
"138451","b","papa","sharks_dangerous","UFUKWENI A"
"138451","b","mbiliwili","swifts",NA
"138451","a","salile","ducks",NA
"138451","b","matunda","fruit",NA
"138451","a","pomboo","dolphins",NA
"138451","b","minazi","coconut",NA
"138451","a","chamvi","caterpillar",NA
"138451","a","chale","lionfishes",NA
"138451","b","bocho","frogfishes",NA
"138451","a","mjafari","mjafari_plant",NA
"138451","a","panga","pin_shells",NA
"14109","b","popo_mayai","bat_reproduction",NA
"14109","b","pelele_panda","hyraxes_climb_trees","MIKANDAA BOTH"
"14109","b","kambare","catfishes",NA
"14109","a","koho","vultures","KUTAMBAA BOTH"
"14109","a","kijimbi","kingfishers","NGISI A"
"14109","b","papa","sharks_offspring",NA
"14109","a","ukukwi","green_spotted_snake",NA
"14109","b","mwani","seaweed",NA
"14109","b","kasa_kutaga","turtles_return",NA
"14109",NA,"koa","snails","BOTH"
"14109","a","ngawa","civets",NA
"14109","b","komba_lala","bushbabies_sleep",NA
"14109","b","mkuu","mkuu_wa_usiku_tree",NA
"14109","a","koogwe","vervet_monkey","UIJINV A"
"14109","b","komba_ndizi","bushbabies_bananas",NA
"14109","b","popo_masikio","bats_ears",NA
"14109","a","popo_uchafu","bats_excrements",NA
"14109","a","chewa","groupers",NA
"14109","b","ndizi","banana_cooking",NA
"14109","b","taa","rays",NA
"14109","a","nyangumi","whales",NA
"14109","b","mgulele","mgulele_tree",NA
"14109","b","kubanja","crack_open",NA
"14109","b","pelele_vidole","hyraxes_fingers",NA
"14109","b","ulaya","ulaya_tree",NA
"14109","a","chepu","fly_larvae","KAMBA A"
"14109","a","dau","boat_building_wood",NA
"14109","a","mjusi","geckos",NA
"14109","a","nduaro","tunas",NA
"14109","b","viazi","sweet_potatoes",NA
"14109","a","pweza","octopus",NA
"14109","a","kichachuli","young_monkey",NA
"14109","b","kasa","turtles_travel",NA
"14109","b","papa","sharks_dangerous","UFUKWENI A"
"14109","a","mbiliwili","swifts",NA
"14109","b","salile","ducks",NA
"14109","b","matunda","fruit",NA
"14109","a","pomboo","dolphins",NA
"14109","b","minazi","coconut",NA
"14109","a","chamvi","caterpillar",NA
"14109","a","chale","lionfishes",NA
"14109","b","bocho","frogfishes",NA
"14109","a","mjafari","mjafari_plant",NA
"14109","b","panga","pin_shells",NA
"17547","b","popo_mayai","bat_reproduction",NA
"17547","b","pelele_panda","hyraxes_climb_trees","MIKANDA B"
"17547",NA,"kambare","catfishes","BOTH"
"17547","a","koho","vultures","KUTAMBAA DONT KNOW"
"17547","a","kijimbi","kingfishers","NGISI A"
"17547","a","papa","sharks_offspring",NA
"17547","a","ukukwi","green_spotted_snake",NA
"17547",NA,"mwani","seaweed","BAMVUA"
"17547","a","kasa_kutaga","turtles_return",NA
"17547",NA,"koa","snails","NONE"
"17547","a","ngawa","civets",NA
"17547","a","komba_lala","bushbabies_sleep",NA
"17547","b","mkuu","mkuu_wa_usiku_tree",NA
"17547","a","koogwe","vervet_monkey","VIJINU A"
"17547","b","komba_ndizi","bushbabies_bananas",NA
"17547","a","popo_masikio","bats_ears",NA
"17547","a","popo_uchafu","bats_excrements",NA
"17547","a","chewa","groupers",NA
"17547","a","ndizi","banana_cooking",NA
"17547","a","taa","rays",NA
"17547","a","nyangumi","whales",NA
"17547","a","mgulele","mgulele_tree",NA
"17547","b","kubanja","crack_open",NA
"17547","b","pelele_vidole","hyraxes_fingers","5"
"17547","b","ulaya","ulaya_tree",NA
"17547","b","chepu","fly_larvae","KAMBA A"
"17547","a","dau","boat_building_wood",NA
"17547",NA,"mjusi","geckos","BOTH"
"17547","a","nduaro","tunas",NA
"17547","b","viazi","sweet_potatoes",NA
"17547",NA,"pweza","octopus","BOTH"
"17547","b","kichachuli","young_monkey",NA
"17547","b","kasa","turtles_travel",NA
"17547","b","papa","sharks_dangerous","UFUKWENI A"
"17547","a","mbiliwili","swifts",NA
"17547","b","salile","ducks",NA
"17547","b","matunda","fruit",NA
"17547","a","pomboo","dolphins",NA
"17547","b","minazi","coconut",NA
"17547","a","chamvi","caterpillar",NA
"17547","a","chale","lionfishes",NA
"17547","a","bocho","frogfishes",NA
"17547","b","mjafari","mjafari_plant",NA
"17547","a","panga","pin_shells",NA
"184723","b","popo_mayai","bat_reproduction",NA
"184723","b","pelele_panda","hyraxes_climb_trees","MIKANDAA B"
"184723","b","kambare","catfishes",NA
"184723","a","koho","vultures","KUTAMBAA B"
"184723","b","kijimbi","kingfishers","NGISI A"
"184723","a","papa","sharks_offspring",NA
"184723","nk","ukukwi","green_spotted_snake",NA
"184723","b","mwani","seaweed",NA
"184723","nk","kasa_kutaga","turtles_return",NA
"184723","b","koa","snails",NA
"184723","b","ngawa","civets",NA
"184723","b","komba_lala","bushbabies_sleep",NA
"184723","nk","mkuu","mkuu_wa_usiku_tree",NA
"184723","a","koogwe","vervet_monkey","VIJINU A"
"184723","b","komba_ndizi","bushbabies_bananas",NA
"184723","b","popo_masikio","bats_ears",NA
"184723","a","popo_uchafu","bats_excrements",NA
"184723","a","chewa","groupers",NA
"184723","a","ndizi","banana_cooking",NA
"184723","b","taa","rays",NA
"184723","b","nyangumi","whales",NA
"184723","b","mgulele","mgulele_tree",NA
"184723","a","kubanja","crack_open",NA
"184723","b","pelele_vidole","hyraxes_fingers",NA
"184723","b","ulaya","ulaya_tree",NA
"184723","nk","chepu","fly_larvae","KAMBA A"
"184723","a","dau","boat_building_wood",NA
"184723","b","mjusi","geckos",NA
"184723","b","nduaro","tunas",NA
"184723","b","viazi","sweet_potatoes",NA
"184723","b","pweza","octopus",NA
"184723","b","kichachuli","young_monkey",NA
"184723","b","kasa","turtles_travel",NA
"184723","nk","papa","sharks_dangerous","UFUKWENI DONT KNOW"
"184723","b","mbiliwili","swifts",NA
"184723","a","salile","ducks",NA
"184723","b","matunda","fruit",NA
"184723","a","pomboo","dolphins",NA
"184723","b","minazi","coconut",NA
"184723","nk","chamvi","caterpillar",NA
"184723","a","chale","lionfishes",NA
"184723","a","bocho","frogfishes",NA
"184723","a","mjafari","mjafari_plant",NA
"184723","b","panga","pin_shells",NA
"186802","b","popo_mayai","bat_reproduction",NA
"186802","b","pelele_panda","hyraxes_climb_trees","MIKANDAA B"
"186802","b","kambare","catfishes",NA
"186802","a","koho","vultures","MBAAZI A"
"186802","a","kijimbi","kingfishers","NGISI A"
"186802","b","papa","sharks_offspring",NA
"186802","a","ukukwi","green_spotted_snake",NA
"186802","b","mwani","seaweed",NA
"186802","b","kasa_kutaga","turtles_return",NA
"186802","a","koa","snails",NA
"186802","a","ngawa","civets",NA
"186802","a","komba_lala","bushbabies_sleep",NA
"186802","b","mkuu","mkuu_wa_usiku_tree",NA
"186802","b","koogwe","vervet_monkey","VIJINU A"
"186802","b","komba_ndizi","bushbabies_bananas",NA
"186802","a","popo_masikio","bats_ears",NA
"186802","a","popo_uchafu","bats_excrements",NA
"186802","a","chewa","groupers",NA
"186802","a","ndizi","banana_cooking",NA
"186802","b","taa","rays",NA
"186802","a","nyangumi","whales",NA
"186802","b","mgulele","mgulele_tree",NA
"186802","b","kubanja","crack_open",NA
"186802","b","pelele_vidole","hyraxes_fingers",NA
"186802","b","ulaya","ulaya_tree",NA
"186802","b","chepu","fly_larvae","KAMBA A"
"186802","b","dau","boat_building_wood",NA
"186802","a","mjusi","geckos",NA
"186802","a","nduaro","tunas",NA
"186802","b","viazi","sweet_potatoes",NA
"186802",NA,"pweza","octopus","NJORO"
"186802","b","kichachuli","young_monkey",NA
"186802","a","kasa","turtles_travel",NA
"186802","b","papa","sharks_dangerous","UFUKWENI A"
"186802","a","mbiliwili","swifts",NA
"186802","b","salile","ducks",NA
"186802","a","matunda","fruit",NA
"186802","a","pomboo","dolphins",NA
"186802","a","minazi","coconut",NA
"186802","a","chamvi","caterpillar",NA
"186802","a","chale","lionfishes",NA
"186802","b","bocho","frogfishes",NA
"186802","a","mjafari","mjafari_plant",NA
"186802","b","panga","pin_shells",NA
"18749","b","popo_mayai","bat_reproduction",NA
"18749","a","pelele_panda","hyraxes_climb_trees","MIKANDAA NONE"
"18749",NA,"kambare","catfishes","BOTH"
"18749","a","koho","vultures","KUTAMBAA B"
"18749","a","kijimbi","kingfishers","NGISI A"
"18749","a","papa","sharks_offspring",NA
"18749","a","ukukwi","green_spotted_snake",NA
"18749","a","mwani","seaweed",NA
"18749","b","kasa_kutaga","turtles_return",NA
"18749","b","koa","snails",NA
"18749","b","ngawa","civets",NA
"18749","a","komba_lala","bushbabies_sleep",NA
"18749","a","mkuu","mkuu_wa_usiku_tree",NA
"18749","a","koogwe","vervet_monkey","VIJINU B"
"18749","b","komba_ndizi","bushbabies_bananas",NA
"18749","b","popo_masikio","bats_ears",NA
"18749","b","popo_uchafu","bats_excrements",NA
"18749","a","chewa","groupers",NA
"18749","a","ndizi","banana_cooking",NA
"18749","b","taa","rays",NA
"18749","b","nyangumi","whales",NA
"18749","a","mgulele","mgulele_tree",NA
"18749","b","kubanja","crack_open",NA
"18749","b","pelele_vidole","hyraxes_fingers",NA
"18749","a","ulaya","ulaya_tree",NA
"18749","a","chepu","fly_larvae","KAMBA A"
"18749","b","dau","boat_building_wood",NA
"18749","a","mjusi","geckos",NA
"18749","a","nduaro","tunas",NA
"18749","a","viazi","sweet_potatoes",NA
"18749","a","pweza","octopus",NA
"18749","a","kichachuli","young_monkey",NA
"18749","b","kasa","turtles_travel",NA
"18749","a","papa","sharks_dangerous","UFUKWENI B"
"18749","b","mbiliwili","swifts",NA
"18749","a","salile","ducks",NA
"18749","b","matunda","fruit",NA
"18749","a","pomboo","dolphins",NA
"18749","b","minazi","coconut",NA
"18749","a","chamvi","caterpillar",NA
"18749","a","chale","lionfishes",NA
"18749","a","bocho","frogfishes",NA
"18749","a","mjafari","mjafari_plant",NA
"18749","b","panga","pin_shells",NA
"18758","b","popo_mayai","bat_reproduction",NA
"18758","b","pelele_panda","hyraxes_climb_trees","MIKANDAA B"
"18758","b","kambare","catfishes",NA
"18758","a","koho","vultures","KUTAMBAA B"
"18758","a","kijimbi","kingfishers","NGISI A"
"18758","a","papa","sharks_offspring",NA
"18758","b","ukukwi","green_spotted_snake",NA
"18758","b","mwani","seaweed",NA
"18758","a","kasa_kutaga","turtles_return",NA
"18758",NA,"koa","snails","NONE"
"18758","b","ngawa","civets",NA
"18758","b","komba_lala","bushbabies_sleep",NA
"18758","b","mkuu","mkuu_wa_usiku_tree",NA
"18758","a","koogwe","vervet_monkey","UIJINU B"
"18758","a","komba_ndizi","bushbabies_bananas",NA
"18758","a","popo_masikio","bats_ears",NA
"18758","a","popo_uchafu","bats_excrements",NA
"18758","a","chewa","groupers",NA
"18758","b","ndizi","banana_cooking",NA
"18758","b","taa","rays",NA
"18758","b","nyangumi","whales",NA
"18758","a","mgulele","mgulele_tree",NA
"18758",NA,"kubanja","crack_open","NONE"
"18758","b","pelele_vidole","hyraxes_fingers",NA
"18758","b","ulaya","ulaya_tree",NA
"18758","b","chepu","fly_larvae","KAMBA A"
"18758","b","dau","boat_building_wood",NA
"18758","b","mjusi","geckos",NA
"18758","a","nduaro","tunas",NA
"18758","b","viazi","sweet_potatoes",NA
"18758","a","pweza","octopus",NA
"18758","a","kichachuli","young_monkey",NA
"18758","b","kasa","turtles_travel",NA
"18758","a","papa","sharks_dangerous","UFUKWENI B"
"18758","a","mbiliwili","swifts",NA
"18758","a","salile","ducks",NA
"18758","b","matunda","fruit",NA
"18758","a","pomboo","dolphins",NA
"18758","b","minazi","coconut",NA
"18758","b","chamvi","caterpillar",NA
"18758","a","chale","lionfishes",NA
"18758","a","bocho","frogfishes",NA
"18758","a","mjafari","mjafari_plant",NA
"18758","b","panga","pin_shells",NA
"188722","b","popo_mayai","bat_reproduction",NA
"188722","b","pelele_panda","hyraxes_climb_trees","MIKANDAA B"
"188722","b","kambare","catfishes",NA
"188722","b","koho","vultures","KUTAMBAA B"
"188722","b","kijimbi","kingfishers",NA
"188722","b","papa","sharks_offspring",NA
"188722","a","ukukwi","green_spotted_snake",NA
"188722","a","mwani","seaweed",NA
"188722","a","kasa_kutaga","turtles_return",NA
"188722",NA,"koa","snails","NONE"
"188722","b","ngawa","civets",NA
"188722","b","komba_lala","bushbabies_sleep",NA
"188722","a","mkuu","mkuu_wa_usiku_tree","TUMBO"
"188722","nk","koogwe","vervet_monkey","VIJINU A"
"188722","b","komba_ndizi","bushbabies_bananas",NA
"188722","a","popo_masikio","bats_ears",NA
"188722","a","popo_uchafu","bats_excrements",NA
"188722","a","chewa","groupers",NA
"188722","a","ndizi","banana_cooking",NA
"188722","nk","taa","rays",NA
"188722","nk","nyangumi","whales",NA
"188722","nk","mgulele","mgulele_tree",NA
"188722",NA,"kubanja","crack_open","NONE"
"188722","a","pelele_vidole","hyraxes_fingers",NA
"188722","b","ulaya","ulaya_tree",NA
"188722","nk","chepu","fly_larvae","KAMBA A"
"188722","a","dau","boat_building_wood",NA
"188722","b","mjusi","geckos",NA
"188722","a","nduaro","tunas",NA
"188722","a","viazi","sweet_potatoes",NA
"188722","a","pweza","octopus",NA
"188722","nk","kichachuli","young_monkey",NA
"188722","b","kasa","turtles_travel",NA
"188722","b","papa","sharks_dangerous","UFUKWENI BOTH"
"188722","a","mbiliwili","swifts","P"
"188722","b","salile","ducks",NA
"188722","b","matunda","fruit",NA
"188722","b","pomboo","dolphins",NA
"188722","b","minazi","coconut",NA
"188722","a","chamvi","caterpillar",NA
"188722","nk","chale","lionfishes",NA
"188722","b","bocho","frogfishes",NA
"188722","a","mjafari","mjafari_plant",NA
"188722","a","panga","pin_shells",NA
"193223","b","popo_mayai","bat_reproduction",NA
"193223","a","pelele_panda","hyraxes_climb_trees","MIKANDAA B"
"193223","b","kambare","catfishes",NA
"193223",NA,"koho","vultures","KUTAMBAA B PARABE"
"193223","b","kijimbi","kingfishers","NGISI A"
"193223","b","papa","sharks_offspring",NA
"193223","a","ukukwi","green_spotted_snake",NA
"193223","a","mwani","seaweed",NA
"193223","a","kasa_kutaga","turtles_return",NA
"193223","b","koa","snails",NA
"193223","a","ngawa","civets",NA
"193223","a","komba_lala","bushbabies_sleep",NA
"193223","b","mkuu","mkuu_wa_usiku_tree",NA
"193223","a","koogwe","vervet_monkey","VIJINU A"
"193223","b","komba_ndizi","bushbabies_bananas",NA
"193223","nk","popo_masikio","bats_ears",NA
"193223","b","popo_uchafu","bats_excrements",NA
"193223","a","chewa","groupers",NA
"193223","a","ndizi","banana_cooking",NA
"193223","a","taa","rays",NA
"193223","b","nyangumi","whales",NA
"193223","a","mgulele","mgulele_tree",NA
"193223","b","kubanja","crack_open",NA
"193223","b","pelele_vidole","hyraxes_fingers",NA
"193223","b","ulaya","ulaya_tree",NA
"193223","b","chepu","fly_larvae","KAMBA A"
"193223","a","dau","boat_building_wood",NA
"193223","b","mjusi","geckos",NA
"193223","a","nduaro","tunas",NA
"193223","b","viazi","sweet_potatoes",NA
"193223","a","pweza","octopus",NA
"193223","a","kichachuli","young_monkey",NA
"193223","a","kasa","turtles_travel",NA
"193223","b","papa","sharks_dangerous","UFUKWENI A"
"193223","a","mbiliwili","swifts",NA
"193223","a","salile","ducks",NA
"193223","a","matunda","fruit",NA
"193223","b","pomboo","dolphins",NA
"193223","a","minazi","coconut",NA
"193223","b","chamvi","caterpillar",NA
"193223","a","chale","lionfishes",NA
"193223","b","bocho","frogfishes",NA
"193223","a","mjafari","mjafari_plant",NA
"193223","b","panga","pin_shells",NA
"194104","a","popo_mayai","bat_reproduction",NA
"194104","b","pelele_panda","hyraxes_climb_trees","MIKANDAA DONT KNOW"
"194104","b","kambare","catfishes",NA
"194104","a","koho","vultures","KUTAMBAA B"
"194104",NA,"kijimbi","kingfishers","BOTH"
"194104","a","papa","sharks_offspring","NGISI A"
"194104","a","ukukwi","green_spotted_snake",NA
"194104","nk","mwani","seaweed",NA
"194104","nk","kasa_kutaga","turtles_return",NA
"194104",NA,"koa","snails","NONE"
"194104","b","ngawa","civets",NA
"194104","a","komba_lala","bushbabies_sleep",NA
"194104","nk","mkuu","mkuu_wa_usiku_tree",NA
"194104","nk","koogwe","vervet_monkey","VIJINU NOT KNOW"
"194104","a","komba_ndizi","bushbabies_bananas",NA
"194104",NA,"popo_masikio","bats_ears","BOTH"
"194104","a","popo_uchafu","bats_excrements",NA
"194104","nk","chewa","groupers",NA
"194104",NA,"ndizi","banana_cooking","BOTH"
"194104","nk","taa","rays",NA
"194104",NA,"nyangumi","whales","BOTH"
"194104","b","mgulele","mgulele_tree",NA
"194104",NA,"kubanja","crack_open","BOTH"
"194104","b","pelele_vidole","hyraxes_fingers",NA
"194104","nk","ulaya","ulaya_tree",NA
"194104","nk","chepu","fly_larvae","KAMBA A"
"194104","a","dau","boat_building_wood",NA
"194104","b","mjusi","geckos",NA
"194104","a","nduaro","tunas",NA
"194104","a","viazi","sweet_potatoes",NA
"194104","b","pweza","octopus",NA
"194104","nk","kichachuli","young_monkey",NA
"194104","nk","kasa","turtles_travel",NA
"194104","nk","papa","sharks_dangerous","UFUKWENI DONT KNOW"
"194104","a","mbiliwili","swifts",NA
"194104","a","salile","ducks",NA
"194104",NA,"matunda","fruit","BOTH"
"194104","b","pomboo","dolphins",NA
"194104","nk","minazi","coconut",NA
"194104","b","chamvi","caterpillar","MBURUNH NIMTORONA CHAMVI"
"194104","nk","chale","lionfishes",NA
"194104","b","bocho","frogfishes",NA
"194104","nk","mjafari","mjafari_plant",NA
"194104","nk","panga","pin_shells",NA
"1949","b","popo_mayai","bat_reproduction",NA
"1949","b","pelele_panda","hyraxes_climb_trees","MIKANDAA B"
"1949","b","kambare","catfishes",NA
"1949","a","koho","vultures","KUTAMBAA A"
"1949","a","kijimbi","kingfishers","NGISI A"
"1949","b","papa","sharks_offspring",NA
"1949","b","ukukwi","green_spotted_snake",NA
"1949","a","mwani","seaweed",NA
"1949","b","kasa_kutaga","turtles_return",NA
"1949","b","koa","snails",NA
"1949","a","ngawa","civets",NA
"1949","b","komba_lala","bushbabies_sleep",NA
"1949","b","mkuu","mkuu_wa_usiku_tree",NA
"1949","a","koogwe","vervet_monkey","VIJINU B"
"1949","b","komba_ndizi","bushbabies_bananas",NA
"1949","b","popo_masikio","bats_ears",NA
"1949","a","popo_uchafu","bats_excrements",NA
"1949","a","chewa","groupers",NA
"1949","a","ndizi","banana_cooking",NA
"1949","b","taa","rays",NA
"1949","a","nyangumi","whales",NA
"1949","a","mgulele","mgulele_tree",NA
"1949","b","kubanja","crack_open",NA
"1949","b","pelele_vidole","hyraxes_fingers",NA
"1949","a","ulaya","ulaya_tree",NA
"1949","b","chepu","fly_larvae","KAMBA A"
"1949","b","dau","boat_building_wood",NA
"1949","b","mjusi","geckos",NA
"1949","a","nduaro","tunas",NA
"1949","a","viazi","sweet_potatoes",NA
"1949","a","pweza","octopus",NA
"1949","a","kichachuli","young_monkey",NA
"1949","a","kasa","turtles_travel",NA
"1949","b","papa","sharks_dangerous","UFUKWENI B"
"1949","a","mbiliwili","swifts",NA
"1949","b","salile","ducks",NA
"1949","b","matunda","fruit",NA
"1949","a","pomboo","dolphins",NA
"1949","b","minazi","coconut",NA
"1949","b","chamvi","caterpillar",NA
"1949","a","chale","lionfishes",NA
"1949","b","bocho","frogfishes",NA
"1949","a","mjafari","mjafari_plant",NA
"1949","a","panga","pin_shells","MWISHO"
"195721","b","popo_mayai","bat_reproduction",NA
"195721","b","pelele_panda","hyraxes_climb_trees","MIKANOAA B"
"195721","b","kambare","catfishes",NA
"195721","b","koho","vultures","KUTAMBAA NONE"
"195721",NA,"kijimbi","kingfishers","BOTH NGIJI A"
"195721","b","papa","sharks_offspring",NA
"195721","a","ukukwi","green_spotted_snake",NA
"195721","a","mwani","seaweed",NA
"195721","b","kasa_kutaga","turtles_return",NA
"195721","a","koa","snails",NA
"195721","a","ngawa","civets",NA
"195721","a","komba_lala","bushbabies_sleep",NA
"195721","b","mkuu","mkuu_wa_usiku_tree",NA
"195721","a","koogwe","vervet_monkey","VIJINU A"
"195721","b","komba_ndizi","bushbabies_bananas",NA
"195721","b","popo_masikio","bats_ears",NA
"195721","a","popo_uchafu","bats_excrements",NA
"195721","a","chewa","groupers",NA
"195721","a","ndizi","banana_cooking",NA
"195721","a","taa","rays",NA
"195721","b","nyangumi","whales",NA
"195721","b","mgulele","mgulele_tree",NA
"195721","b","kubanja","crack_open",NA
"195721","b","pelele_vidole","hyraxes_fingers",NA
"195721","b","ulaya","ulaya_tree",NA
"195721",NA,"chepu","fly_larvae","MAFUTA / KAMDA A"
"195721","b","dau","boat_building_wood",NA
"195721","b","mjusi","geckos",NA
"195721","a","nduaro","tunas",NA
"195721","b","viazi","sweet_potatoes",NA
"195721","b","pweza","octopus",NA
"195721","a","kichachuli","young_monkey",NA
"195721","b","kasa","turtles_travel",NA
"195721","b","papa","sharks_dangerous","UFUKWENI B"
"195721","a","mbiliwili","swifts",NA
"195721","b","salile","ducks",NA
"195721","a","matunda","fruit",NA
"195721","a","pomboo","dolphins",NA
"195721","b","minazi","coconut",NA
"195721","a","chamvi","caterpillar",NA
"195721","a","chale","lionfishes",NA
"195721","a","bocho","frogfishes",NA
"195721","a","mjafari","mjafari_plant",NA
"195721","a","panga","pin_shells",NA
"19586","b","popo_mayai","bat_reproduction",NA
"19586","b","pelele_panda","hyraxes_climb_trees",NA
"19586","b","kambare","catfishes","MIKANDAA B"
"19586","a","koho","vultures","KUTAMBAA NONE"
"19586","a","kijimbi","kingfishers","NGISI A"
"19586","a","papa","sharks_offspring",NA
"19586","a","ukukwi","green_spotted_snake",NA
"19586","a","mwani","seaweed",NA
"19586","a","kasa_kutaga","turtles_return",NA
"19586","b","koa","snails",NA
"19586","a","ngawa","civets",NA
"19586","b","komba_lala","bushbabies_sleep",NA
"19586",NA,"mkuu","mkuu_wa_usiku_tree","BOTH"
"19586","b","koogwe","vervet_monkey","VIJINU B"
"19586","a","komba_ndizi","bushbabies_bananas",NA
"19586","b","popo_masikio","bats_ears",NA
"19586","a","popo_uchafu","bats_excrements",NA
"19586","b","chewa","groupers",NA
"19586","a","ndizi","banana_cooking",NA
"19586","b","taa","rays",NA
"19586","b","nyangumi","whales",NA
"19586","b","mgulele","mgulele_tree",NA
"19586","b","kubanja","crack_open",NA
"19586","b","pelele_vidole","hyraxes_fingers",NA
"19586","a","ulaya","ulaya_tree",NA
"19586",NA,"chepu","fly_larvae","BOTH"
"19586","b","dau","boat_building_wood",NA
"19586","a","mjusi","geckos",NA
"19586","a","nduaro","tunas",NA
"19586","b","viazi","sweet_potatoes",NA
"19586","a","pweza","octopus",NA
"19586","a","kichachuli","young_monkey",NA
"19586","a","kasa","turtles_travel",NA
"19586","a","papa","sharks_dangerous","UFUKWENI BOTH"
"19586","a","mbiliwili","swifts",NA
"19586","b","salile","ducks",NA
"19586",NA,"matunda","fruit","BOTH"
"19586","b","pomboo","dolphins",NA
"19586","b","minazi","coconut",NA
"19586","b","chamvi","caterpillar",NA
"19586","a","chale","lionfishes",NA
"19586","b","bocho","frogfishes",NA
"19586","a","mjafari","mjafari_plant",NA
"19586","a","panga","pin_shells",NA
"197299","b","popo_mayai","bat_reproduction",NA
"197299","b","pelele_panda","hyraxes_climb_trees","MIKANDAA B"
"197299","b","kambare","catfishes",NA
"197299","a","koho","vultures","KUTAMBAA BOTH"
"197299","a","kijimbi","kingfishers","NGISI A"
"197299","nk","papa","sharks_offspring",NA
"197299","b","ukukwi","green_spotted_snake",NA
"197299","a","mwani","seaweed",NA
"197299","b","kasa_kutaga","turtles_return",NA
"197299","b","koa","snails",NA
"197299","a","ngawa","civets",NA
"197299","b","komba_lala","bushbabies_sleep",NA
"197299","b","mkuu","mkuu_wa_usiku_tree",NA
"197299","b","koogwe","vervet_monkey","VIJINU A"
"197299","a","komba_ndizi","bushbabies_bananas",NA
"197299","b","popo_masikio","bats_ears",NA
"197299","a","popo_uchafu","bats_excrements",NA
"197299","b","chewa","groupers",NA
"197299","b","ndizi","banana_cooking",NA
"197299","b","taa","rays",NA
"197299","a","nyangumi","whales",NA
"197299","nk","mgulele","mgulele_tree",NA
"197299","b","kubanja","crack_open",NA
"197299","b","pelele_vidole","hyraxes_fingers",NA
"197299","b","ulaya","ulaya_tree",NA
"197299","b","chepu","fly_larvae","KAMBA A"
"197299","nk","dau","boat_building_wood",NA
"197299","b","mjusi","geckos",NA
"197299","a","nduaro","tunas",NA
"197299","a","viazi","sweet_potatoes",NA
"197299","a","pweza","octopus",NA
"197299","a","kichachuli","young_monkey",NA
"197299","a","kasa","turtles_travel",NA
"197299","nk","papa","sharks_dangerous","UFUFWENI BOTH"
"197299","a","mbiliwili","swifts",NA
"197299","a","salile","ducks",NA
"197299","b","matunda","fruit",NA
"197299","a","pomboo","dolphins",NA
"197299","b","minazi","coconut",NA
"197299","nk","chamvi","caterpillar",NA
"197299","a","chale","lionfishes",NA
"197299","b","bocho","frogfishes",NA
"197299","nk","mjafari","mjafari_plant",NA
"197299","b","panga","pin_shells",NA
"262057","nk","popo_mayai","bat_reproduction",NA
"262057","b","pelele_panda","hyraxes_climb_trees","MIKANDAA B"
"262057","b","kambare","catfishes",NA
"262057","b","koho","vultures","KUTAMBAA B"
"262057","a","kijimbi","kingfishers","NGISI A"
"262057","b","papa","sharks_offspring",NA
"262057","a","ukukwi","green_spotted_snake",NA
"262057","b","mwani","seaweed",NA
"262057","b","kasa_kutaga","turtles_return",NA
"262057","a","koa","snails",NA
"262057","b","ngawa","civets",NA
"262057","b","komba_lala","bushbabies_sleep",NA
"262057","nk","mkuu","mkuu_wa_usiku_tree",NA
"262057","a","koogwe","vervet_monkey","VIJINU A"
"262057","b","komba_ndizi","bushbabies_bananas",NA
"262057","b","popo_masikio","bats_ears",NA
"262057","a","popo_uchafu","bats_excrements",NA
"262057","a","chewa","groupers",NA
"262057","a","ndizi","banana_cooking",NA
"262057","a","taa","rays",NA
"262057","b","nyangumi","whales",NA
"262057","b","mgulele","mgulele_tree",NA
"262057","b","kubanja","crack_open",NA
"262057","b","pelele_vidole","hyraxes_fingers",NA
"262057","b","ulaya","ulaya_tree",NA
"262057","b","chepu","fly_larvae","KAMBA A"
"262057","b","dau","boat_building_wood",NA
"262057","b","mjusi","geckos",NA
"262057","a","nduaro","tunas",NA
"262057","b","viazi","sweet_potatoes",NA
"262057","b","pweza","octopus",NA
"262057","b","kichachuli","young_monkey",NA
"262057","b","kasa","turtles_travel",NA
"262057","b","papa","sharks_dangerous","UFUKWENI B"
"262057","b","mbiliwili","swifts",NA
"262057","a","salile","ducks",NA
"262057","a","matunda","fruit",NA
"262057","nk","pomboo","dolphins",NA
"262057","b","minazi","coconut",NA
"262057","b","chamvi","caterpillar",NA
"262057","nk","chale","lionfishes",NA
"262057","a","bocho","frogfishes",NA
"262057","a","mjafari","mjafari_plant",NA
"262057","b","panga","pin_shells",NA
"37559","b","popo_mayai","bat_reproduction",NA
"37559","b","pelele_panda","hyraxes_climb_trees","MIKANDAA B"
"37559","b","kambare","catfishes",NA
"37559","b","koho","vultures","KUTAMBAA B"
"37559","nk","kijimbi","kingfishers","NGIJI A"
"37559","b","papa","sharks_offspring",NA
"37559","a","ukukwi","green_spotted_snake",NA
"37559","b","mwani","seaweed",NA
"37559","a","kasa_kutaga","turtles_return",NA
"37559","b","koa","snails",NA
"37559","b","ngawa","civets",NA
"37559","b","komba_lala","bushbabies_sleep",NA
"37559","b","mkuu","mkuu_wa_usiku_tree",NA
"37559","b","koogwe","vervet_monkey","VIJINU B"
"37559","b","komba_ndizi","bushbabies_bananas",NA
"37559","nk","popo_masikio","bats_ears",NA
"37559","a","popo_uchafu","bats_excrements",NA
"37559","a","chewa","groupers",NA
"37559","a","ndizi","banana_cooking",NA
"37559","a","taa","rays",NA
"37559","b","nyangumi","whales",NA
"37559",NA,"mgulele","mgulele_tree","NONE"
"37559","b","kubanja","crack_open",NA
"37559","nk","pelele_vidole","hyraxes_fingers",NA
"37559","a","ulaya","ulaya_tree",NA
"37559","nk","chepu","fly_larvae","KAMBA A"
"37559","b","dau","boat_building_wood",NA
"37559",NA,"mjusi","geckos","BOTH"
"37559","a","nduaro","tunas",NA
"37559","b","viazi","sweet_potatoes",NA
"37559","a","pweza","octopus",NA
"37559","a","kichachuli","young_monkey",NA
"37559","b","kasa","turtles_travel",NA
"37559","a","papa","sharks_dangerous","UFUKWENI B"
"37559","a","mbiliwili","swifts",NA
"37559","b","salile","ducks",NA
"37559",NA,"matunda","fruit","BOTH"
"37559","b","pomboo","dolphins",NA
"37559","b","minazi","coconut",NA
"37559","b","chamvi","caterpillar",NA
"37559","a","chale","lionfishes",NA
"37559","b","bocho","frogfishes",NA
"37559","a","mjafari","mjafari_plant",NA
"37559",NA,"panga","pin_shells","MWISHO"
"61212","b","popo_mayai","bat_reproduction",NA
"61212","b","pelele_panda","hyraxes_climb_trees","TOONDO B"
"61212","b","kambare","catfishes",NA
"61212","b","koho","vultures","KUTAMBAA B"
"61212",NA,"kijimbi","kingfishers","BOTH NGIZI A"
"61212","b","papa","sharks_offspring",NA
"61212","b","ukukwi","green_spotted_snake",NA
"61212","b","mwani","seaweed",NA
"61212","b","kasa_kutaga","turtles_return",NA
"61212",NA,"koa","snails","NONE"
"61212","a","ngawa","civets",NA
"61212","b","komba_lala","bushbabies_sleep",NA
"61212",NA,"mkuu","mkuu_wa_usiku_tree","BOTH"
"61212","b","koogwe","vervet_monkey","VIJINU B"
"61212","a","komba_ndizi","bushbabies_bananas",NA
"61212",NA,"popo_masikio","bats_ears","BOTH"
"61212","b","popo_uchafu","bats_excrements",NA
"61212","a","chewa","groupers",NA
"61212","a","ndizi","banana_cooking",NA
"61212","nk","taa","rays",NA
"61212","a","nyangumi","whales",NA
"61212",NA,"mgulele","mgulele_tree","NONE"
"61212","b","kubanja","crack_open",NA
"61212","b","pelele_vidole","hyraxes_fingers",NA
"61212","a","ulaya","ulaya_tree",NA
"61212","a","chepu","fly_larvae","KAMBA A"
"61212","a","dau","boat_building_wood",NA
"61212","a","mjusi","geckos",NA
"61212","a","nduaro","tunas",NA
"61212","b","viazi","sweet_potatoes",NA
"61212","b","pweza","octopus",NA
"61212","b","kichachuli","young_monkey",NA
"61212","b","kasa","turtles_travel",NA
"61212","b","papa","sharks_dangerous","UFUKWENI B"
"61212","a","mbiliwili","swifts",NA
"61212","b","salile","ducks",NA
"61212","b","matunda","fruit",NA
"61212","b","pomboo","dolphins",NA
"61212","b","minazi","coconut",NA
"61212","b","chamvi","caterpillar",NA
"61212","a","chale","lionfishes",NA
"61212",NA,"bocho","frogfishes","BOTH"
"61212",NA,"mjafari","mjafari_plant","BOTH"
"61212","b","panga","pin_shells",NA
"69990","b","popo_mayai","bat_reproduction",NA
"69990","b","pelele_panda","hyraxes_climb_trees","MIKANDAA B"
"69990","b","kambare","catfishes",NA
"69990","a","koho","vultures","KUTAMBAA B"
"69990","a","kijimbi","kingfishers","NGISI A"
"69990","a","papa","sharks_offspring",NA
"69990","a","ukukwi","green_spotted_snake",NA
"69990","a","mwani","seaweed",NA
"69990","nk","kasa_kutaga","turtles_return",NA
"69990","nk","koa","snails",NA
"69990","nk","ngawa","civets",NA
"69990","a","komba_lala","bushbabies_sleep",NA
"69990","b","mkuu","mkuu_wa_usiku_tree",NA
"69990","a","koogwe","vervet_monkey","VIJINU A"
"69990","b","komba_ndizi","bushbabies_bananas",NA
"69990","a","popo_masikio","bats_ears",NA
"69990","a","popo_uchafu","bats_excrements",NA
"69990","a","chewa","groupers",NA
"69990","a","ndizi","banana_cooking",NA
"69990","nk","taa","rays",NA
"69990","nk","nyangumi","whales",NA
"69990","nk","mgulele","mgulele_tree",NA
"69990","b","kubanja","crack_open",NA
"69990","b","pelele_vidole","hyraxes_fingers",NA
"69990","b","ulaya","ulaya_tree",NA
"69990","b","chepu","fly_larvae","KAMBA A"
"69990","b","dau","boat_building_wood",NA
"69990","b","mjusi","geckos",NA
"69990","nk","nduaro","tunas",NA
"69990","b","viazi","sweet_potatoes",NA
"69990","a","pweza","octopus",NA
"69990","nk","kichachuli","young_monkey",NA
"69990","nk","kasa","turtles_travel",NA
"69990","nk","papa","sharks_dangerous","UFUKWENI B"
"69990","b","mbiliwili","swifts",NA
"69990","b","salile","ducks",NA
"69990","b","matunda","fruit",NA
"69990","b","pomboo","dolphins",NA
"69990","a","minazi","coconut",NA
"69990","nk","chamvi","caterpillar",NA
"69990","a","chale","lionfishes",NA
"69990","b","bocho","frogfishes",NA
"69990","b","mjafari","mjafari_plant",NA
"69990","a","panga","pin_shells",NA
"81873","b","popo_mayai","bat_reproduction",NA
"81873","b","pelele_panda","hyraxes_climb_trees","MIKANDAA B"
"81873","b","kambare","catfishes",NA
"81873","a","koho","vultures","KUTAMBAA B"
"81873","b","kijimbi","kingfishers","NGISI A"
"81873","a","papa","sharks_offspring",NA
"81873","a","ukukwi","green_spotted_snake",NA
"81873","b","mwani","seaweed",NA
"81873","a","kasa_kutaga","turtles_return",NA
"81873","a","koa","snails",NA
"81873","a","ngawa","civets",NA
"81873","a","komba_lala","bushbabies_sleep",NA
"81873","b","mkuu","mkuu_wa_usiku_tree",NA
"81873","a","koogwe","vervet_monkey","VIJINU A"
"81873","b","komba_ndizi","bushbabies_bananas",NA
"81873","a","popo_masikio","bats_ears",NA
"81873","a","popo_uchafu","bats_excrements",NA
"81873","a","chewa","groupers",NA
"81873","b","ndizi","banana_cooking",NA
"81873","a","taa","rays",NA
"81873","b","nyangumi","whales",NA
"81873",NA,"mgulele","mgulele_tree","NONE"
"81873","b","kubanja","crack_open",NA
"81873","a","pelele_vidole","hyraxes_fingers",NA
"81873","b","ulaya","ulaya_tree",NA
"81873","a","chepu","fly_larvae","KAMBA A"
"81873","a","dau","boat_building_wood",NA
"81873","b","mjusi","geckos",NA
"81873","b","nduaro","tunas",NA
"81873","a","viazi","sweet_potatoes",NA
"81873","b","pweza","octopus",NA
"81873","a","kichachuli","young_monkey",NA
"81873","a","kasa","turtles_travel",NA
"81873","b","papa","sharks_dangerous","UFUKWENI B"
"81873","b","mbiliwili","swifts",NA
"81873","b","salile","ducks",NA
"81873","b","matunda","fruit",NA
"81873","b","pomboo","dolphins",NA
"81873","a","minazi","coconut",NA
"81873","a","chamvi","caterpillar",NA
"81873","a","chale","lionfishes",NA
"81873","b","bocho","frogfishes",NA
"81873","a","mjafari","mjafari_plant",NA
"81873","a","panga","pin_shells",NA
"82623","b","popo_mayai","bat_reproduction",NA
"82623","b","pelele_panda","hyraxes_climb_trees","MIKANDAA B DONT KNOW"
"82623","b","kambare","catfishes",NA
"82623","a","koho","vultures","KUTAMBAA B"
"82623","b","kijimbi","kingfishers","WGISI AA"
"82623","nk","papa","sharks_offspring",NA
"82623","b","ukukwi","green_spotted_snake",NA
"82623","a","mwani","seaweed",NA
"82623","b","kasa_kutaga","turtles_return",NA
"82623","a","koa","snails",NA
"82623","b","ngawa","civets",NA
"82623","b","komba_lala","bushbabies_sleep",NA
"82623","b","mkuu","mkuu_wa_usiku_tree",NA
"82623","a","koogwe","vervet_monkey","UIJINU DONTKNN"
"82623","b","komba_ndizi","bushbabies_bananas",NA
"82623","b","popo_masikio","bats_ears",NA
"82623","b","popo_uchafu","bats_excrements",NA
"82623","b","chewa","groupers",NA
"82623","a","ndizi","banana_cooking",NA
"82623","a","taa","rays",NA
"82623","b","nyangumi","whales",NA
"82623","b","mgulele","mgulele_tree",NA
"82623",NA,"kubanja","crack_open","NONE"
"82623","b","pelele_vidole","hyraxes_fingers",NA
"82623","b","ulaya","ulaya_tree",NA
"82623","b","chepu","fly_larvae","KAMBA A"
"82623","b","dau","boat_building_wood",NA
"82623","b","mjusi","geckos",NA
"82623","a","nduaro","tunas",NA
"82623","a","viazi","sweet_potatoes",NA
"82623","a","pweza","octopus",NA
"82623","b","kichachuli","young_monkey",NA
"82623","b","kasa","turtles_travel",NA
"82623","b","papa","sharks_dangerous","UFUKWENI B"
"82623","b","mbiliwili","swifts",NA
"82623","a","salile","ducks",NA
"82623","b","matunda","fruit",NA
"82623","b","pomboo","dolphins",NA
"82623","b","minazi","coconut",NA
"82623","b","chamvi","caterpillar",NA
"82623","a","chale","lionfishes",NA
"82623","b","bocho","frogfishes",NA
"82623","a","mjafari","mjafari_plant",NA
"82623","b","panga","pin_shells",NA
"83881","b","popo_mayai","bat_reproduction",NA
"83881","b","pelele_panda","hyraxes_climb_trees","MIKANDAA B"
"83881","b","kambare","catfishes",NA
"83881","b","koho","vultures","KUTAMBAA NONE"
"83881","a","kijimbi","kingfishers","NGIZI B"
"83881","b","papa","sharks_offspring",NA
"83881","a","ukukwi","green_spotted_snake",NA
"83881","b","mwani","seaweed",NA
"83881","nk","kasa_kutaga","turtles_return",NA
"83881","nk","koa","snails",NA
"83881","a","ngawa","civets",NA
"83881","b","komba_lala","bushbabies_sleep",NA
"83881","b","mkuu","mkuu_wa_usiku_tree",NA
"83881","nk","koogwe","vervet_monkey","VIJINU DONT KNOW"
"83881","b","komba_ndizi","bushbabies_bananas",NA
"83881","b","popo_masikio","bats_ears",NA
"83881","a","popo_uchafu","bats_excrements",NA
"83881","a","chewa","groupers",NA
"83881","a","ndizi","banana_cooking",NA
"83881","nk","taa","rays",NA
"83881","nk","nyangumi","whales",NA
"83881","nk","mgulele","mgulele_tree",NA
"83881",NA,"kubanja","crack_open","NONE"
"83881","b","pelele_vidole","hyraxes_fingers",NA
"83881","a","ulaya","ulaya_tree",NA
"83881","nk","chepu","fly_larvae","KAMBA (A)"
"83881","b","dau","boat_building_wood",NA
"83881","a","mjusi","geckos",NA
"83881","a","nduaro","tunas",NA
"83881","b","viazi","sweet_potatoes",NA
"83881",NA,"pweza","octopus","BOTH"
"83881","nk","kichachuli","young_monkey",NA
"83881","nk","kasa","turtles_travel",NA
"83881","a","papa","sharks_dangerous","UFUKWENI BOTH"
"83881","nk","mbiliwili","swifts",NA
"83881","b","salile","ducks",NA
"83881",NA,"matunda","fruit","BOTH"
"83881","a","pomboo","dolphins",NA
"83881","a","minazi","coconut",NA
"83881","nk","chamvi","caterpillar",NA
"83881","a","chale","lionfishes",NA
"83881","nk","bocho","frogfishes",NA
"83881","a","mjafari","mjafari_plant",NA
"83881","b","panga","pin_shells",NA
